"","Company"
"1","Dollar General"
"2","Family Dollar"
"3","Yesterday"
"4","Herbalife"
"5","Good"
"6","European"
"7","Indian"
"8","Japanese"
"9","Nintendo"
"10","Asian"
"11","Nikkei"
"12","Sprint"
"13","Profits"
"14","Facebook"
"15","Panasonic"
"16","Russian"
"17","Overstock"
"18","Instead"
"19","Netflix"
"20","Emerging"
"21","Twitter"
"22","Typically"
"23","Groupon"
"24","Sears"
"25","Lackluster"
"26","Apple"
"27","Lululemon"
"28","Global"
"29","Chinese"
"30","Indonesian"
"31","Allergan"
"32","Educational"
"33","Tekmira"
"34","Tesla"
"35","Vringo"
"36","Aeropostale"
"37","Media"
"38","Dynegy"
"39","Amazon"
"40","Energy"
"41","Ultrasonic"
"42","Alibaba"
"43","Beyond"
"44","Allianz"
"45","Brazilian"
"46","Australian"
"47","Bouygues"
"48","Travel"
"49","Bovespa"
"50","Halliburton"
"51","Continental"
"52","Starbucks"
"53","Itsstock"
"54","Target"
"55","Hertz"
"56","Qantas"
"57","Cubist"
"58","Corrects"
"59","Greek"
"60","Cadbury Malaysia"
"61","General Index"
"62","Warren Buffett"
"63","Time Warner"
"64","Standard Chartered"
"65","The Macallan"
"66","Best Buy"
"67","Green Mountain"
"68","Berkshire Hathaway"
"69","Instead Russia"
"70","John Hussman"
"71","While Fidelity"
"72","Home Depot"
"73","Trader Joe"
"74","But Apple"
"75","Micros System"
"76","Model S"
"77","Kinder Morgan"
"78","Eagle Ottawa"
"79","Burger King"
"80","Munich Re"
"81","Jet Blue"
"82","Morgan Stanley"
"83","Pershing Square"
"84","Toll Brother"
"85","Dow Chemical"
"86","Plum Creek"
"87","Dollar Tree"
"88","At Fidelity"
"89","German"
"90","Warner"
"91","Ford"
"92","Toyota"
"93","Chesapeake"
"94","China"
"95","Cola"
"96","Arabtecs"
"97","Technology"
"98","Regarding"
"99","Kraft"
"100","Beam"
"101","Romanian"
"102","Atlassian"
"103","Comcast"
"104","Intuit"
"105","Internet"
"106","Gazprom"
"107","Berkshire"
"108","Individual"
"109","Ukrainian"
"110","Bitcoin"
"111","Industry"
"112","Apples"
"113","Within"
"114","Livestock"
"115","Cool"
"116","Yahoo"
"117","Pfizer"
"118","Valeant"
"119","Tyco"
"120","Transportation"
"121","Export"
"122","Biotechnology"
"123","Citigroup"
"124","Potash"
"125","Metinvest"
"126","Walgreen"
"127","Intercept"
"128","Herbalifes"
"129","Utility"
"130","United"
"131","Venezuelan"
"132","Endo"
"133","British"
"134","Auxilium"
"135","Cisco"
"136","Philips"
"137","Oracle"
"138","Janus"
"139","Hynix"
"140","Carnival"
"141","Plummeting"
"142","Microsoft"
"143","Tech"
"144","Washingtons"
"145","Sanofi"
"146","Allergans"
"147","Parsleys"
"148","Blackstone"
"149","Unlike"
"150","Russias"
"151","Saudi"
"152","Gold"
"153","Liquidity"
"154","Companys"
"155","Buying"
"156","Comcasts"
"157","Hesaidstocks"
"158","Relative"
"159","Momentum"
"160","Thai"
"161","Stick"
"162","Performance"
"163","Nasdaq"
"164","Hillshire"
"165","Islamic"
"166","International"
"167","Teslas"
"168","Foxs"
"169","Jefferies"
"170","Ibovespa"
"171","Taiwanese"
"172","Finnish"
"173","Chinas"
"174","Subsidies"
"175","Predates"
"176","Given"
"177","Pepsi"
"178","Consumer"
"179","Alibabas"
"180","Also"
"181","Nifty"
"182","Cheaper"
"183","Argentine"
"184","Think"
"185","Despite"
"186","Another"
"187","Lower"
"188","Sonyshares"
"189","Nook"
"190","Today"
"191","Western"
"192","Traders"
"193","Ukranian"
"194","Penney"
"195","Youve"
"196","None"
"197","Larger"
"198","Power"
"199","States"
"200","Excluding"
"201","Assess"
"202","Results"
"203","Sector"
"204","Industrial"
"205","High"
"206","Russells"
"207","Europe"
"208","Aussie"
"209","Although"
"210","Listings"
"211","Investors"
"212","Intel"
"213","Barclays"
"214","Classic"
"215","Property"
"216","Apparels"
"217","Theyre"
"218","Imports"
"219","Adage"
"220","Macintosh"
"221","Thats"
"222","Sachs"
"223","Zillow"
"224","Merval"
"225","Gamble"
"226","Mart"
"227","Ibelieve"
"228","Market"
"229","Weremain"
"230","Hermes"
"231","Danish"
"232","Turkish"
"233","Stiritz"
"234","Saut"
"235","Citizens"
"236","People"
"237","Nike"
"238","Bashneft"
"239","List"
"240","Luxottica"
"241","Except"
"242","Petrobras"
"243","Betterment"
"244","Citi"
"245","Natural"
"246","Based"
"247","Tariffs"
"248","Saipem"
"249","Abercrombie"
"250","Periods"
"251","Physical"
"252","Video"
"253","Capital"
"254","Relevant"
"255","Civeo"
"256","Sometimes"
"257","Cyclical"
"258","Examples"
"259","Falling"
"260","Past"
"261","Devitt"
"262","Adams"
"263","Doll"
"264","Assads"
"265","Committee"
"266","Reis"
"267","Velveeta"
"268","Nest"
"269","Investor"
"270","Express"
"271","Producers"
"272","Last"
"273","Dollars"
"274","Trust"
"275","Strong"
"276","Inflows"
"277","Equity"
"278","Every"
"279","Icahn"
"280","Solar"
"281","Dividend"
"282","Spanish"
"283","Failure"
"284","Simplification"
"285","Single"
"286","Materials"
"287","Belski"
"288","Just"
"289","Herbalifeproducts"
"290","Shareholders"
"291","Sodastream"
"292","Cable"
"293","Poor"
"294","Polish"
"295","Sozzi"
"296","Lenovo"
"297","Still"
"298","Whatever"
"299","Iron"
"300","Stockpiles"
"301","World"
"302","Homebuilder"
"303","Promoting"
"304","Maintaining"
"305","Walmart"
"306","Priceline"
"307","Libyan"
"308","Blackberry"
"309","Cheap"
"310","Utilities"
"311","Demand"
"312","Gates"
"313","Executives"
"314","Debt"
"315","Total"
"316","Fyffes"
"317","Fuel"
"318","Shares"
"319","Krinsky"
"320","Picking"
"321","Gileadsstock"
"322","Magnum"
"323","Pandora"
"324","Citis"
"325","Investing"
"326","Growth"
"327","Visa"
"328","Klarman"
"329","Dairy"
"330","Biotech"
"331","Microsofts"
"332","Yellens"
"333","Ithink"
"334","Whether"
"335","Mexican"
"336","Wylys"
"337","Minerd"
"338","Compounding"
"339","Egyptian"
"340","Pick"
"341","Broad"
"342","Capitalinvolving"
"343","Weakness"
"344","Launches"
"345","Among"
"346","Look"
"347","Goldman"
"348","Google"
"349","Newmont"
"350","Square"
"351","Small"
"352","Novartis"
"353","Instagram"
"354","Dark"
"355","Splitting"
"356","Companies"
"357","Ackman"
"358","Coach"
"359","Pascucci"
"360","Indias"
"361","Marriott"
"362","Einhorn"
"363","Bepanthen"
"364","Eurozone"
"365","Right"
"366","Netflixs"
"367","Several"
"368","Yellen"
"369","Verizon"
"370","Italian"
"371","Retail"
"372","Marketstock"
"373","Coke"
"374","Common"
"375","Cloud"
"376","Weibo"
"377","Plus"
"378","Take"
"379","Unvested"
"380","Vesting"
"381","Beats"
"382","Infoblox"
"383","Neusoft"
"384","Defensive"
"385","French"
"386","Crumbs"
"387","East"
"388","Arista"
"389","Keurig"
"390","Splits"
"391","Covidien"
"392","Even"
"393","Medtronic"
"394","Automotive"
"395","Individuals"
"396","Lego"
"397","Hadfield"
"398","Costco"
"399","Selling"
"400","Armed"
"401","Disney"
"402","Athenahealth"
"403","Frontier"
"404","Following"
"405","Ebix"
"406","Gotham"
"407","Soros"
"408","Lorillard"
"409","Users"
"410","Romero"
"411","Issuing"
"412","Wien"
"413","Facebooks"
"414","Profitability"
"415","Discovery"
"416","Company"
"417","Warnerworries"
"418","Potbelly"
"419","Edibles"
"420","Airline"
"421","Scottish"
"422","Irish"
"423","Arabtec"
"424","Hasbro"
"425","Kapadia"
"426","Gabelli"
"427","Member"
"428","Boeing"
"429","Shorting"
"430","Trulia"
"431","Amazons"
"432","Darden"
"433","Democratic"
"434","Chipotle"
"435","Reckitt"
"436","Rizzo"
"437","Yelp"
"438","Adidas"
"439","Kellogg"
"440","Portugese"
"441","Timesbegan"
"442","Governments"
"443","Communism"
"444","Iliad"
"445","Gannett"
"446","Fiat"
"447","Warnershares"
"448","Factor"
"449","Arabia"
"450","Others"
"451","Newlink"
"452","Pharmaceuticals"
"453","Charter"
"454","Achillion"
"455","Gilead"
"456","Targeting"
"457","Speculation"
"458","Housing"
"459","Financial"
"460","Heinz"
"461","Hebert"
"462","Amec"
"463","Texas"
"464","Slok"
"465","Services"
"466","Transactions"
"467","Fitch"
"468","Orbitz"
"469","Pricing"
"470","Staples"
"471","Samsung"
"472","Reports"
"473","Carlsberg"
"474","Quiksilver"
"475","Protalix"
"476","Large"
"477","Fossil"
"478","Movado"
"479","Gundlach"
"480","Advanced"
"481","Heexplainedhis"
"482","Cynk"
"483","Trading"
"484","Flipping"
"485","Notable"
"486","Batista"
"487","Rackspace"
"488","Molycorp"
"489","Poors"
"490","Lennar"
"491","Morningstar"
"492","Moynihan"
"493","Chinanet"
"494","Silica"
"495","Agee"
"496","Foods"
"497","Tesco"
"498","Continentals"
"499","Accenture"
"500","Looking"
"501","Peixin"
"502","Volatility"
"503","Seoul"
"504","Sistema"
"505","Animation"
"506","Fraud"
"507","Southwest"
"508","Vannucci"
"509","Singling"
"510","Morrisons"
"511","Sainsburys"
"512","Earlier"
"513","Mylan"
"514","Buffett"
"515","Concerns"
"516","Kongstock"
"517","Leerink"
"518","Kostin"
"519","Chimerix"
"520","Financials"
"521","Sneider"
"522","Reuters"
"523","Sarepta"
"524","Coal"
"525","Microchip"
"526","Musk"
"527","Vanguards"
"528","Resource"
"529","Shiller"
"530","Scholes"
"531","Bathopele"
"532","Relieved"
"533","Quality"
"534","Delta"
"535","Retailers"
"536","Exxon"
"537","Check"
"538","Shire"
"539","Bank"
"540","Amgen"
"541","Ocwen"
"542","Ebola"
"543","Caterpillar"
"544","City"
"545","Multinational"
"546","Slumping"
"547","Hussman"
"548","Local"
"549","Wealth"
"550","Former"
"551","Sensex"
"552","Bakheet"
"553","Eissenstat"
"554","Discuss"
"555","Purchasing"
"556","Hartnett"
"557","Susquehanna"
"558","Usually"
"559","Coalition"
"560","Like"
"561","Homebuilding"
"562","Zynga"
"563","Rebates"
"564","Actavis"
"565","Outfitters"
"566","Habit"
"567","Steel"
"568","Though"
"569","Korean"
"570","Bernstein"
"571","Stoltzfus"
"572","Exclusive"
"573","Taser"
"574","Airways"
"575","Shale"
"576","Recommended"
"577","Exposure"
"578","Subotky"
"579","Bestselling"
"580","Canadian"
"581","Stock"
"582","Mining"
"583","Pharma"
"584","Comstock"
"585","Electronics"
"586","Apartment"
"587","Russians"
"588","Buckwheat"
"589","Japans"
"590","Early"
"591","Micex"
"592","Short"
"593","Sony"
"594","Rising"
"595","Potentially"
"596","Tepper"
"597","Diageo"
"598","Tice"
"599","Derivatives"
"600","English"
"601","Groups"
"602","Beta"
"603","Finally"
"604","Current"
"605","Returns"
"606","Loss"
"607","Neither"
"608","Extracting"
"609","Online"
"610","Zirkiyev"
"611","Qatar"
